Cvu;Apellido;Nombre;DNI;Telefono;Saldo
904;Sasso;Joaquin;44991289;2645288667;105365.36718076438
694;Vilches;Valentin;45635995;2648672876;253882.78669577267
150;Monte;Anahi;44876965;2642386434;23905.884598977176
153;Perez;Sofia;46213009;2647562764;56226.96453609571
